"25,42,008","Pitbull - Rain Over Me ft. Marc Anthony"">"
,
287346,"Maston Ka Jhund - Bhaag Milkha Bhaag | Farhan Akhtar | Shankar Ehsaan Loy"">"
,
287347,"Maston Ka Jhund - Bhaag Milkha Bhaag | Farhan Akhtar | Shankar Ehsaan Loy"">"
,
432762,"My Life Is In You, Lord - with lyrics"">"
,
326746,"Party On My Mind Video Song - Race 2 I Saif, Deepika Padukone, John Abraham, Jacqueline"">"
,
732648,"Maroon 5, Cardi B - Girls Like You (Lyrics)"">"
,
1109232,"Dostana - Desi Girl Video | Priyanka Chopra, Abhishek, John"">"
,
1263123,"Joe Jonas - It&#39;s Party Time (Kraken Song) | Hotel Transylvania 3"">"
,
1238173,"Dance Party - Eddy Grant"">"
,
"3,21,831","Rihanna - we found love ft. Calvin Harris LYRICS"">"
,
"21,82,434","LMFAO - Party Rock Anthem ft. Lauren Bennett, GoonRock"">"
,
"25,42,012","Pitbull - Rain Over Me ft. Marc Anthony"">"
hi,"Maston Ka Jhund - Bhaag Milkha Bhaag | Farhan Akhtar | Shankar Ehsaan Loy"">"
hi,"Maston Ka Jhund - Bhaag Milkha Bhaag | Farhan Akhtar | Shankar Ehsaan Loy"">"
ly,"My Life Is In You, Lord - with lyrics"">"
ly,"Party On My Mind Video Song - Race 2 I Saif, Deepika Padukone, John Abraham, Jacqueline"">"
yo,"Maroon 5, Cardi B - Girls Like You (Lyrics)"">"
he,"Dostana - Desi Girl Video | Priyanka Chopra, Abhishek, John"">"
31 o,"Joe Jonas - It&#39;s Party Time (Kraken Song) | Hotel Transylvania 3"">"
280 o,"Dance Party - Eddy Grant"">"
"14,109 ","Rihanna - we found love ft. Calvin Harris LYRICS"">"
"6,782,442","LMFAO - Party Rock Anthem ft. Lauren Bennett, GoonRock"">"
"2,542,018","Pitbull - Rain Over Me ft. Marc Anthony"">"
hi,"Maston Ka Jhund - Bhaag Milkha Bhaag | Farhan Akhtar | Shankar Ehsaan Loy"">"
hi,"Maston Ka Jhund - Bhaag Milkha Bhaag | Farhan Akhtar | Shankar Ehsaan Loy"">"
ly,"My Life Is In You, Lord - with lyrics"">"
ly,"Party On My Mind Video Song - Race 2 I Saif, Deepika Padukone, John Abraham, Jacqueline"">"
yo,"Maroon 5, Cardi B - Girls Like You (Lyrics)"">"
he,"Dostana - Desi Girl Video | Priyanka Chopra, Abhishek, John"">"
33 o,"Joe Jonas - It&#39;s Party Time (Kraken Song) | Hotel Transylvania 3"">"
282 o,"Dance Party - Eddy Grant"">"
"14,170 ","Rihanna - we found love ft. Calvin Harris LYRICS"">"
"6,821,106","LMFAO - Party Rock Anthem ft. Lauren Bennett, GoonRock"">"
"2,559,171","Pitbull - Rain Over Me ft. Marc Anthony"">"
"299,054 ","The Chainsmokers ft. Halsey - Closer Lyrics"">"
ly,"Adele - Someone Like You (Lyrics)"">"
"391,958 ","Passenger - Let Her Go (Lyrics)"">"
di,"Alec Benjamin - Let Me Down Slowly (Lyrics)"">"
me,"Sam Smith - Stay With Me"">"
"3,179 ","LP - Lost On You | Lyrics"">"
"72,496 ","One Direction - Story of My Life (Lyrics + Pictures) *HD*"">"
Mi,"Michael Bublé - Feeling Good [Official Music Video]"">"
"5,245 ","Alone - ALAN WALKER Lyrics ( letra )"">"
"24,016,757","Wiz Khalifa - See You Again ft. Charlie Puth [Official Video] Furious 7 Soundtrack"">"
"2,529,856","Shakira - Hips Don&#39;t Lie (Official Music Video) ft. Wyclef Jean"">"
78 o,"Adele Hello Lyrics"">"
hi,"Maston Ka Jhund - Bhaag Milkha Bhaag | Farhan Akhtar | Shankar Ehsaan Loy"">"
hi,"Maston Ka Jhund - Bhaag Milkha Bhaag | Farhan Akhtar | Shankar Ehsaan Loy"">"
ly,"My Life Is In You, Lord - with lyrics"">"
ly,"Party On My Mind Video Song - Race 2 I Saif, Deepika Padukone, John Abraham, Jacqueline"">"
yo,"Maroon 5, Cardi B - Girls Like You (Lyrics)"">"
he,"Dostana - Desi Girl Video | Priyanka Chopra, Abhishek, John"">"
33 o,"Joe Jonas - It&#39;s Party Time (Kraken Song) | Hotel Transylvania 3"">"
282 o,"Dance Party - Eddy Grant"">"
"14,170 ","Rihanna - we found love ft. Calvin Harris LYRICS"">"
"6,821,117","LMFAO - Party Rock Anthem ft. Lauren Bennett, GoonRock"">"
"2,559,177","Pitbull - Rain Over Me ft. Marc Anthony"">"
